filename,width,height,class,xmin,ymin,xmax,ymax
250-E-6031-ST-03-21_jpeg.rf.fe90c5f81e7826c481ae58aa3f81fd3c.jpg,640,640,plate,5,0,623,612
158-E-5737-PAB-03-21_jpeg.rf.fea20f9a8fcc82e783ce7f43b16fdaf7.jpg,640,640,plate,0,0,618,630
88-E-3118-QP-01-20_jpeg.rf.00661498901a7163d47861b91f529406.jpg,640,640,plate,0,52,638,605
336-E-2909-TP-12-21_jpeg.rf.01fb079fbe7018154adf1503b7ef020e.jpg,640,640,plate,1,3,639,621
107-E-4145-QZ-12-20_jpeg.rf.002c628f731a73fab73d9d7dd21e5210.jpg,640,640,plate,17,26,636,585
181-E-3708-TU-06-15_jpeg.rf.04c72f6d8352180fcb5987aff53694e6.jpg,640,640,plate,0,5,638,610
19-E-6179-SH-09-14_jpeg.rf.00d65d19492e7073778f380999f67f0b.jpg,640,640,plate,0,18,636,569
IMG-20180108-WA0080_jpg.rf.005bf764a36958cf4a6f3a8eb5c9df3f.jpg,640,640,plate,307,308,355,353
112-E-5718-OT-06-20_jpg.rf.0574d839ff5c0e888fa9951db3a8d271.jpg,640,640,plate,0,0,628,597
216-E-4406-PAG-09-21_jpeg.rf.008ca0997bbe8e835a0d6f171a7890ea.jpg,640,640,plate,19,0,628,585
41-E-2648-QI-05-19_jpg.rf.080cd7fe3a99401643b4c38b1d3eb415.jpg,640,640,plate,17,48,621,582
161-E-3332-ST-02-19_jpeg.rf.0127c50ffa6f94084f55053d95203677.jpg,640,640,plate,2,0,638,631
72-E-4903-TR-11-22_jpg.rf.08edd742579601096f9f69991743d407.jpg,640,640,plate,0,0,638,632
282-E-5519-PAK-03-22_jpg.rf.06ae9c1a205ebc82301c6e064e694a95.jpg,640,640,plate,0,37,620,532
20171211_110711_jpg.rf.03feddae4b81fc3e92e4f9b9b21cd96a.jpg,640,640,plate,0,54,640,506
329-E-5078-QF-02-19_jpeg.rf.066a3bd4f27a771baf133d2e49fd531d.jpg,640,640,plate,21,2,634,634
35-E-5026-SF-06-18_jpeg.rf.052cb17850c39b6b0c28b64c1a23ca53.jpg,640,640,plate,0,0,638,629
11-E-6562-QO-12-19_jpeg.rf.0213dbd253abfc4702b5813d1a737f87.jpg,640,640,plate,0,14,639,585
53-E-3288-QU-06-20_jpg.rf.0787363577885b907248cc2261bb4785.jpg,640,640,plate,39,72,616,520
47-E-4240-RY-06-19_jpeg.rf.0124625cd892d408e5c713a836a8f42a.jpg,640,640,plate,13,25,617,559
IMG-20180108-WA0039_jpg.rf.056033ccb6a8663500f0383e328221ed.jpg,640,640,plate,493,353,569,420
IMG-20180108-WA0039_jpg.rf.056033ccb6a8663500f0383e328221ed.jpg,640,640,plate,298,335,373,405
IMG-20180108-WA0039_jpg.rf.056033ccb6a8663500f0383e328221ed.jpg,640,640,plate,41,350,111,426
IMG-20180108-WA0039_jpg.rf.056033ccb6a8663500f0383e328221ed.jpg,640,640,plate,549,153,590,197
IMG-20180108-WA0039_jpg.rf.056033ccb6a8663500f0383e328221ed.jpg,640,640,plate,484,161,526,197
IMG-20180108-WA0039_jpg.rf.056033ccb6a8663500f0383e328221ed.jpg,640,640,plate,182,125,222,155
IMG-20180108-WA0039_jpg.rf.056033ccb6a8663500f0383e328221ed.jpg,640,640,plate,606,43,630,66
118-E-4885-QZ-12-20_jpeg.rf.06cc7bb8578ca2bdddaaf6f54270a1d9.jpg,640,640,plate,36,24,632,592
176-E-4386-IY-09-18_jpeg.rf.09a51ddf4ea3ab082ea7518df55645e5.jpg,640,640,plate,0,3,633,637
16-E-3598-PAD-09-21_jpg.rf.09ee2db6aa5327d200f8e37ead639338.jpg,640,640,plate,31,33,600,558
301-E-6893-PAD-06-21_jpeg.rf.0978f1136292e33ebeaa94a759a627ee.jpg,640,640,plate,3,11,634,565
162-E-4539-RC-11-20_jpg.rf.0a68301978ce63f28aa1e2573e440705.jpg,640,640,plate,70,9,583,637
279-E-3405-S-11-20_jpg.rf.0b12c38bb0f3a1a7e4a70a968c109f44.jpg,640,640,plate,25,20,618,601
79-E-4564-SZ-09-21_jpeg.rf.0df305d488e3cfb2eb62f882f696aa63.jpg,640,640,plate,0,3,638,632
218-E-2715-SE-04-19_jpeg.rf.0d8a2eb182278c198cf5e22da3905b17.jpg,640,640,plate,0,0,635,628
179-E-3934-PAI-12-21_jpg.rf.0d24a69771d4ae7a12758a1bbdccfc67.jpg,640,640,plate,18,80,617,542
73-E-5043-PAL-04-22_jpeg.rf.102bee11010fa7652173bd8e1f5f4583.jpg,640,640,plate,15,0,639,631
IMG-20180108-WA0059_jpg.rf.13ba092c37c452dd29468a0a197127f8.jpg,640,640,plate,332,230,407,304
IMG-20180108-WA0059_jpg.rf.13ba092c37c452dd29468a0a197127f8.jpg,640,640,plate,137,219,212,289
IMG-20180108-WA0059_jpg.rf.13ba092c37c452dd29468a0a197127f8.jpg,640,640,plate,208,83,230,110
IMG-20180108-WA0059_jpg.rf.13ba092c37c452dd29468a0a197127f8.jpg,640,640,plate,402,90,424,105
IMG-20180108-WA0094_jpg.rf.0dc1473a9825ccc520207c7113247eaa.jpg,640,640,plate,96,304,146,334
IMG-20180108-WA0094_jpg.rf.0dc1473a9825ccc520207c7113247eaa.jpg,640,640,plate,517,315,573,343
IMG-20180108-WA0021_jpg.rf.0e7022482057749a371465ccce037757.jpg,640,640,plate,294,120,304,129
IMG-20180108-WA0021_jpg.rf.0e7022482057749a371465ccce037757.jpg,640,640,plate,327,129,337,138
IMG-20180108-WA0021_jpg.rf.0e7022482057749a371465ccce037757.jpg,640,640,plate,337,127,344,133
IMG-20180108-WA0021_jpg.rf.0e7022482057749a371465ccce037757.jpg,640,640,plate,269,164,286,175
IMG-20180108-WA0021_jpg.rf.0e7022482057749a371465ccce037757.jpg,640,640,plate,445,121,453,126
IMG-20180108-WA0021_jpg.rf.0e7022482057749a371465ccce037757.jpg,640,640,plate,484,137,494,146
IMG-20180108-WA0021_jpg.rf.0e7022482057749a371465ccce037757.jpg,640,640,plate,509,120,517,128
IMG-20180108-WA0021_jpg.rf.0e7022482057749a371465ccce037757.jpg,640,640,plate,583,141,600,151
IMG-20180108-WA0021_jpg.rf.0e7022482057749a371465ccce037757.jpg,640,640,plate,168,359,218,399
IMG-20180108-WA0021_jpg.rf.0e7022482057749a371465ccce037757.jpg,640,640,plate,409,366,472,407
104-E-4939-PAE-07-21_jpeg.rf.12d647df0d85f0dd39859833383f54dc.jpg,640,640,plate,11,22,622,586
39-E-6716-QR-04-20_jpeg.rf.12c017db1fca246ee39001bc4a1cecb5.jpg,640,640,plate,0,0,638,630
20171212_073402_jpg.rf.15252e6ed3c5022b96da67ff77bc66d7.jpg,640,640,plate,0,72,640,579
128-E-4877-SV-05-21_jpg.rf.1402ca490440ce4df95f3557239592f0.jpg,640,640,plate,0,0,615,624
67-E-4387-SK-11-21_jpeg.rf.0e3acbdc7d0cb9944f1b9bdcf60bc2fa.jpg,640,640,plate,0,9,639,631
20171211_160452_jpg.rf.14bcd0bb27cbb2f27684b068aae5beff.jpg,640,640,plate,0,52,640,539
20171212_073435_jpg.rf.16b299ad9fe01af65c306def18a5de1b.jpg,640,640,plate,1,27,640,619
IMG-20180108-WA0090_jpg.rf.0b4d9fdcdaf398db4eb8ecc547313db8.jpg,640,640,plate,222,358,280,403
IMG-20180108-WA0090_jpg.rf.0b4d9fdcdaf398db4eb8ecc547313db8.jpg,640,640,plate,467,216,521,264
IMG-20180108-WA0090_jpg.rf.0b4d9fdcdaf398db4eb8ecc547313db8.jpg,640,640,plate,80,361,134,406
85-E-2686-QH-04-19_jpeg.rf.16bdf3274c6ba89a3715ade8984de7c0.jpg,640,640,plate,2,35,638,583
IMG-20180108-WA0091_jpg.rf.12c4552f49a1a74f5b803d1cdf67a1ad.jpg,640,640,plate,224,393,273,427
IMG-20180108-WA0091_jpg.rf.12c4552f49a1a74f5b803d1cdf67a1ad.jpg,640,640,plate,435,361,478,402
IMG-20180108-WA0091_jpg.rf.12c4552f49a1a74f5b803d1cdf67a1ad.jpg,640,640,plate,511,375,563,409
IMG-20180108-WA0091_jpg.rf.12c4552f49a1a74f5b803d1cdf67a1ad.jpg,640,640,plate,94,187,129,215
341-E-6047-QT-07-20_jpg.rf.17827586f31b2e77103481aa38d63ddc.jpg,640,640,plate,66,23,580,614
97-E-6457-CA-11-21_jpg.rf.18988bdcc195396f4046f5b04bf7b86c.jpg,640,640,plate,1,0,639,633
298-E-5944-TK-04-22_jpeg.rf.1788f0c31220374a084517dba07a7bf3.jpg,640,640,plate,0,20,638,624
233-E-3407-PAB-03-21_jpg.rf.18ea175997efc04fb0544045e4ba8241.jpg,640,640,plate,29,61,618,526
307-E-4238-QC-11-18_jpeg.rf.118cff0beb53d3b99b861e5ac5d3cbef.jpg,640,640,plate,0,5,630,615
50-E-6691-PAB-04-21_jpg.rf.13e0243a71dea96cb1bbbdab0ecf25dd.jpg,640,640,plate,42,74,602,509
20171212_100559_jpg.rf.19e8448092c89ce5f466a721142cbbaf.jpg,640,640,plate,1,60,640,522
170-E-3913-QS-04-20_jpeg.rf.19adf644b1854000c63928265f754d6f.jpg,640,640,plate,12,0,629,635
30-E-5032-QD-12-18_jpeg.rf.19ed22b9d5176f7f6bc851c5b7095c7e.jpg,640,640,plate,0,7,627,636
125-E-4172-QB-11-22_jpeg.rf.19f3a9f2b6aad1b60f87b5238e899baa.jpg,640,640,plate,3,0,636,628
265-E-3984-TZ-07-21_jpg.rf.1c44d0faad12cbbdad664f3e2a9bf203.jpg,640,640,plate,0,0,602,557
144-E-3063-RS-07-22_jpeg.rf.1b17c932f2c22d81f9e8194c5e7f1020.jpg,640,640,plate,0,0,639,617
94-E-2118-ST-01-21_jpeg.rf.1c5878299393b50b21c13a76374597f0.jpg,640,640,plate,0,3,637,630
IMG-20180108-WA0053_jpg.rf.1b189fefb7876789747df132752de109.jpg,640,640,plate,27,120,54,151
IMG-20180108-WA0053_jpg.rf.1b189fefb7876789747df132752de109.jpg,640,640,plate,76,138,111,171
IMG-20180108-WA0053_jpg.rf.1b189fefb7876789747df132752de109.jpg,640,640,plate,227,424,296,488
IMG-20180108-WA0053_jpg.rf.1b189fefb7876789747df132752de109.jpg,640,640,plate,438,408,502,451
IMG-20180108-WA0053_jpg.rf.1b189fefb7876789747df132752de109.jpg,640,640,plate,346,156,381,192
IMG-20180108-WA0092_jpg.rf.1db949ada576a26e83e485a9f9afe71c.jpg,640,640,plate,52,320,86,354
IMG-20180108-WA0092_jpg.rf.1db949ada576a26e83e485a9f9afe71c.jpg,640,640,plate,248,384,298,418
IMG-20180108-WA0092_jpg.rf.1db949ada576a26e83e485a9f9afe71c.jpg,640,640,plate,537,377,590,410
200-E-6978-OW-09-20_jpg.rf.1e61f6e49cfb437b4335c2596bf7aeea.jpg,640,640,plate,7,26,615,549
48-E-6073-OL-09-19_jpg.rf.1fd7dae800cf113408635efd069074b0.jpg,640,640,plate,0,46,604,593
196-E-6843-SV-06-21_jpeg.rf.249ca1c1ce156af2a5cbb86be2d24186.jpg,640,640,plate,0,25,636,623
167-E-4314-RP-01-22_jpeg.rf.2149a096eef6c26159e1d7b4ea3a846e.jpg,640,640,plate,5,0,619,627
214-E-2086-RI-01-21_jpeg.rf.1dd8d9db7478f94ed8dcb077ad652eeb.jpg,640,640,plate,0,20,634,626
281-E-5503-TI-02-20_jpeg.rf.2421a62e897b16b2efaa435061fa70c9.jpg,640,640,plate,0,2,636,614
133-E-6586-PAM-06-22_jpeg.rf.245980f3cf0a377df4f1e1dbf2c5283b.jpg,640,640,plate,0,0,633,630
44-E-5197-PAA-02-21_jpg.rf.273681e382048846b11473bd8ce83e56.jpg,640,640,plate,0,1,632,637
96-E-5942-TM-06-17_jpeg.rf.22b8cff8d7444fd632c077407387afb6.jpg,640,640,plate,0,0,634,633
20171212_073548_jpg.rf.252e46f261ad11f9922c1cef936269ff.jpg,640,640,plate,0,77,640,562
IMG-20180108-WA0058_jpg.rf.25664383299ab9cc5f67f9a97ef5f6e8.jpg,640,640,plate,153,225,217,284
IMG-20180108-WA0058_jpg.rf.25664383299ab9cc5f67f9a97ef5f6e8.jpg,640,640,plate,439,210,494,265
IMG-20180108-WA0058_jpg.rf.25664383299ab9cc5f67f9a97ef5f6e8.jpg,640,640,plate,527,129,555,149
IMG-20180108-WA0044_jpg.rf.263985e11547f5f431d592b71959d799.jpg,640,640,plate,325,246,380,299
IMG-20180108-WA0044_jpg.rf.263985e11547f5f431d592b71959d799.jpg,640,640,plate,102,387,151,436
IMG-20180108-WA0044_jpg.rf.263985e11547f5f431d592b71959d799.jpg,640,640,plate,512,274,566,321
20171212_142336_jpg.rf.27a251e3023457ae3f25b21316f75874.jpg,640,640,plate,1,78,640,577
297-E-1169-PY-05-20_jpg.rf.195891ebb31e809e37ae044ebe7eb3b9.jpg,640,640,plate,5,42,628,579
169-E-2637-WM-02-21_jpg.rf.2816ba2b777a14ee3b562494b04a56a1.jpg,640,640,plate,8,30,631,614
66-E-1477-RB-02-21_jpg.rf.2a88ba0f4b9106588d15b87fa225726f.jpg,640,640,plate,11,30,623,588
244-E-6590-QW-09-20_jpeg.rf.206706b1c00bacb55eef6abb600f73ad.jpg,640,640,plate,1,0,639,614
189-E-5182-QO-11-19_jpg.rf.27b36ce47e88fe2424d653568df87eca.jpg,640,640,plate,0,2,633,639
255-E-6527-OD-02-20_jpeg.rf.25d6863cce2f7694964e878c50cd0657.jpg,640,640,plate,0,20,602,580
59-E-2153-SP-08-20_jpeg.rf.278c96c38d5d495be2ea97a13ea7c42b.jpg,640,640,plate,0,0,639,635
264-E-2458-SV-05-16_jpeg.rf.2ac53bfa51ba5193e9176d4526201230.jpg,640,640,plate,0,0,624,603
260-E-4250-SU-04-21_jpeg.rf.2cbb42d527791c27d1ee17144c8d5e60.jpg,640,640,plate,0,0,629,614
20171211_084300_jpg.rf.2db0b943200bb541b8775515511b3734.jpg,640,640,plate,67,101,590,543
276-E-2810-PAD-05-21_jpeg.rf.2c0ea4df6028187572b5b763edaa5a3e.jpg,640,640,plate,1,2,636,627
224-E-5085-SD-03-19_jpg.rf.2d0883f105b117a5819ef7381a72bed6.jpg,640,640,plate,12,6,637,598
211-E-3313-QX-10-20_jpeg.rf.2c7cb0248d133b9c0734e15ec2344731.jpg,640,640,plate,0,35,633,552
65-E-4235-PAL-04-22_jpeg.rf.2c376d0d7b2f09ebbb5307cb2c4fac14.jpg,640,640,plate,20,42,615,559
247-E-2148-RI-01-16_jpg.rf.2ea1f2153aecf21a1e37b5b81021a064.jpg,640,640,plate,7,3,639,639
IMG-20180108-WA0081_jpg.rf.20c02ec7c1e6de761fcfe06b0ce637f0.jpg,640,640,plate,410,252,453,286
IMG-20180108-WA0081_jpg.rf.20c02ec7c1e6de761fcfe06b0ce637f0.jpg,640,640,plate,188,288,231,318
IMG-20180108-WA0095_jpg.rf.119e44aa7b682f840a420fc81a28c540.jpg,640,640,plate,269,379,331,423
77-E-6295-QL-09-19_jpeg.rf.2e8a8d827b84d7cf5cc9653e7d754546.jpg,640,640,plate,7,0,631,629
20171214_091545_jpg.rf.310766046b4ee27ed3561cc9f5ffff3b.jpg,640,640,plate,8,108,640,537
83-E-4147-QJ-06-19_jpeg.rf.2c78d5469bb67d928a370f2c211cad00.jpg,640,640,plate,8,0,624,635
287-E-6272-PAJ-02-22_jpeg.rf.349caa01714e69d20d3291d15268e9a5.jpg,640,640,plate,0,0,633,627
IMG-20180108-WA0065_jpg.rf.3192564efb21d9dd1f1b92f9aaf02db1.jpg,640,640,plate,140,267,195,322
IMG-20180108-WA0065_jpg.rf.3192564efb21d9dd1f1b92f9aaf02db1.jpg,640,640,plate,317,287,367,334
IMG-20180108-WA0065_jpg.rf.3192564efb21d9dd1f1b92f9aaf02db1.jpg,640,640,plate,475,302,523,338
137-E-4958-QS-05-20_jpg.rf.32e5331c9c09a1c24f7cbcc66e96191f.jpg,640,640,plate,0,36,637,590
IMG-20180108-WA0066_jpg.rf.31622d7d03a529882cf0109d306d63f4.jpg,640,640,plate,70,331,117,378
IMG-20180108-WA0066_jpg.rf.31622d7d03a529882cf0109d306d63f4.jpg,640,640,plate,310,288,355,322
IMG-20180108-WA0066_jpg.rf.31622d7d03a529882cf0109d306d63f4.jpg,640,640,plate,524,282,570,331
303-E-6888-SC-11-21_jpg.rf.34dec13f067b95a332bcef8bf58acfde.jpg,640,640,plate,18,54,605,557
114-E-3536-O-06-10_jpg.rf.30eff379f9dec9c06ad7a2422647ccdf.jpg,640,640,plate,0,68,604,558
245-E-6941-PAP-08-22_jpeg.rf.2f307e98f768e0d60560e615042a2bee.jpg,640,640,plate,3,21,639,602
IMG-20180108-WA0045_jpg.rf.350290a737d561deeba858801fc54e6e.jpg,640,640,plate,427,338,491,393
IMG-20180108-WA0045_jpg.rf.350290a737d561deeba858801fc54e6e.jpg,640,640,plate,105,312,155,351
IMG-20180108-WA0062_jpg.rf.35003903c008bef73e404dc40f4985e5.jpg,640,640,plate,94,302,137,338
IMG-20180108-WA0062_jpg.rf.35003903c008bef73e404dc40f4985e5.jpg,640,640,plate,258,220,276,236
IMG-20180108-WA0062_jpg.rf.35003903c008bef73e404dc40f4985e5.jpg,640,640,plate,366,212,382,228
275-E-4986-SO-10-20_jpg.rf.35ebb32c3bd369cfd1a66c272d2ea78d.jpg,640,640,plate,5,0,620,589
IMG-20180108-WA0098_jpg.rf.3524eaaf048c7a00f5da8acdfcff6e96.jpg,640,640,plate,370,424,458,506
230-E-3203-TR-11-17_jpg.rf.33c447d4fa0e316f5ce96ecb29c7d9c9.jpg,640,640,plate,13,42,630,605
95-E-6686-SK-01-20_jpeg.rf.35365314e6f96c6047b5a70c0a02124a.jpg,640,640,plate,0,0,638,605
3-E-4537-TCK-12-17_jpg.rf.37046ca60f4f18920fba68713689b129.jpg,640,640,plate,35,51,593,525
IMG-20180108-WA0075_jpg.rf.3694d06712186e9ff9c07e723020dcdd.jpg,640,640,plate,455,233,526,317
IMG-20180108-WA0075_jpg.rf.3694d06712186e9ff9c07e723020dcdd.jpg,640,640,plate,407,56,442,92
IMG-20180108-WA0075_jpg.rf.3694d06712186e9ff9c07e723020dcdd.jpg,640,640,plate,245,337,304,395
IMG-20180108-WA0075_jpg.rf.3694d06712186e9ff9c07e723020dcdd.jpg,640,640,plate,104,288,158,357
IMG-20180108-WA0033_jpg.rf.36513faa5596f11a437161c9f6a6e450.jpg,640,640,plate,97,332,153,377
IMG-20180108-WA0033_jpg.rf.36513faa5596f11a437161c9f6a6e450.jpg,640,640,plate,298,371,353,421
IMG-20180108-WA0033_jpg.rf.36513faa5596f11a437161c9f6a6e450.jpg,640,640,plate,538,387,604,439
100-E-6467-QW-09-20_jpeg.rf.39b117bc1243431718eec616c2e27a59.jpg,640,640,plate,6,23,637,609
234-E-3904-P-03-16_jpg.rf.37a06c3a1b624a78e542fa4d86d3a4da.jpg,640,640,plate,16,51,631,578
57-E-5893-SH-05-20_jpg.rf.39a1dbd1f56c79d189fca9cee3cfc283.jpg,640,640,plate,7,34,628,594
IMG-20180108-WA0074_jpg.rf.380517085dd0864465b5cdc2521c364b.jpg,640,640,plate,500,338,532,358
IMG-20180108-WA0074_jpg.rf.380517085dd0864465b5cdc2521c364b.jpg,640,640,plate,352,376,390,401
IMG-20180108-WA0074_jpg.rf.380517085dd0864465b5cdc2521c364b.jpg,640,640,plate,84,319,134,346
232-E-6140-QO-12-19_jpg.rf.36677fdcaf65b093fb3e2d6d7d297012.jpg,640,640,plate,15,33,638,574
231-E-5639-PAP-08-22_jpg.rf.39f9d46fa85433e81841193342d6afe8.jpg,640,640,plate,0,4,636,635
300-E-5105-OD-12-21_jpg.rf.3c920775ecf667971645db9c2520f653.jpg,640,640,plate,0,4,636,626
IMG-20180108-WA0030_jpg.rf.3a8552c67fe225c65ce428363b27b4e5.jpg,640,640,plate,279,285,415,311
13-E-5313-TF-10-16_jpeg.rf.3bbf70410ae433ce66d5a1ef8c2cff1a.jpg,640,640,plate,22,0,632,633
309-E-6140-OX-11-20_jpg.rf.3bd86596d93a5fc5c76095c31a3e2743.jpg,640,640,plate,3,7,622,572
IMG-20180108-WA0103_jpg.rf.3bdbb9405e10c5b5fedf6ade9abb4742.jpg,640,640,plate,350,288,387,321
IMG-20180108-WA0103_jpg.rf.3bdbb9405e10c5b5fedf6ade9abb4742.jpg,640,640,plate,196,556,295,630
IMG-20180108-WA0103_jpg.rf.3bdbb9405e10c5b5fedf6ade9abb4742.jpg,640,640,plate,60,301,107,337
20171211_154939_jpg.rf.29f52bd6401b7f14108353a9f92c2811.jpg,640,640,plate,2,6,640,526
163-E-6804-RV-02-19_jpeg.rf.3a2d4b18e4403b6c499ede3984ff2bb8.jpg,640,640,plate,17,7,615,602
159-E-5084-RY-08-21_jpg.rf.40aa103abc5510ccb8a843bc30da920e.jpg,640,640,plate,0,18,619,622
174-E-2091-SD-01-14_jpeg.rf.3d61036e31d7768882d9a036683441e0.jpg,640,640,plate,2,0,638,626
180-E-3646-RL-05-20_jpeg.rf.3df906dfcc2c72d43531181b01e3626d.jpg,640,640,plate,2,20,638,616
5-E-6862-QT-06-20_jpg.rf.377456e62591d342318bf730f7cd1cc1.jpg,640,640,plate,27,49,604,563
330-E-5869-PAA-02-21_jpg.rf.3ef82557d05ba0f79e6197437a2909ed.jpg,640,640,plate,2,25,638,582
IMG-20180108-WA0029_jpg.rf.416b93545c272ecabb62561b8c09340d.jpg,640,640,plate,162,297,233,365
IMG-20180108-WA0029_jpg.rf.416b93545c272ecabb62561b8c09340d.jpg,640,640,plate,334,161,360,182
IMG-20180108-WA0029_jpg.rf.416b93545c272ecabb62561b8c09340d.jpg,640,640,plate,456,210,479,228
IMG-20180108-WA0029_jpg.rf.416b93545c272ecabb62561b8c09340d.jpg,640,640,plate,532,209,553,226
IMG-20180108-WA0029_jpg.rf.416b93545c272ecabb62561b8c09340d.jpg,640,640,plate,386,274,447,327
82-E-4993-TI-01-22_jpg.rf.41d81595881daa9a6f3c381943b720ec.jpg,640,640,plate,26,89,617,558
63-E-2536-SA-09-18_jpg.rf.4353d3a526ebe3ddec670db87a662651.jpg,640,640,plate,5,48,635,605
14-E-1129-RP-07-18_jpg.rf.402ffe5da60e5fc5f35feb2c3e907dc6.jpg,640,640,plate,6,63,628,598
177-E-2380-SA-09-18_jpg.rf.43a6ac7ea1a5d91b45c3cf94404cf109.jpg,640,640,plate,12,47,611,581
91-E-6554-ZL-05-22_jpg.rf.41f7dffbb02d137b490f76be4bd31526.jpg,640,640,plate,0,58,639,608
49-E-5441-SA-11-19_jpeg.rf.45dd68cace35f8f3a0e29e52ad34bcb4.jpg,640,640,plate,8,16,638,632
205-E-5880-RF-10-18_jpeg.rf.43f7ad86d1882fc98f587f0f0ab2dc11.jpg,640,640,plate,0,25,638,606
191-E-3690-ZV-02-20_jpg.rf.446b867fea754d4eab01b18231c628b7.jpg,640,640,plate,1,38,639,630
115-E-5305-SM-06-20_jpeg.rf.4995b9d182a013c2b1b1f9b22d7d06e4.jpg,640,640,plate,11,8,619,615
198-E-3040-SI-09-19_jpeg.rf.4649698b59d46b628c2bfbeea2d0780f.jpg,640,640,plate,1,0,638,637
20171211_154917_jpg.rf.455158c2bcabd41fd305ad35de3c7f4f.jpg,640,640,plate,2,13,640,461
IMG-20180108-WA0023_jpg.rf.4cecb82dd5266201c159965604dc92ea.jpg,640,640,plate,327,411,373,443
37-E-4127-QI-05-19_jpg.rf.4250404a8d4796b11da07ff6474a2fc1.jpg,640,640,plate,12,8,631,610
272-E-1677-PE-02-21_jpeg.rf.4959d0547f56a471c0e7990cd9aa5680.jpg,640,640,plate,0,42,594,583
IMG-20180108-WA0018_jpg.rf.4c298e3ef55d50ac85537cc3f9fe55be.jpg,640,640,plate,404,361,471,405
IMG-20180108-WA0018_jpg.rf.4c298e3ef55d50ac85537cc3f9fe55be.jpg,640,640,plate,186,339,232,386
160-E-2707-SP-11-21_jpeg.rf.4d1a1609703da7e4ca087082020febef.jpg,640,640,plate,10,0,638,589
IMG-20180108-WA0096_jpg.rf.49d1cca6dcbb7ac071bc0500d4332812.jpg,640,640,plate,302,363,393,416
150-E-6686-PAI-01-22_jpg.rf.4db0df0a6ee686e5f962b6f9a4cfd50f.jpg,640,640,plate,14,67,610,567
IMG-20180108-WA0034_jpg.rf.4e3696ef16d3ee44c7c8230a2d040455.jpg,640,640,plate,199,329,286,344
24-E-6520-PAC-05-21_jpeg.rf.4bda604ba654b17ca7bb378d3588266a.jpg,640,640,plate,4,21,639,600
237-E-3243-QN-12-17_jpeg.rf.4e1a9f8bb30602fa2d353c31a5a5972a.jpg,640,640,plate,0,5,632,615
199-E-5314-QR-03-20_jpeg.rf.4dd17b04330339bb3e0fe37f4978849d.jpg,640,640,plate,0,0,637,637
313-E-5971-TO-08-22_jpg.rf.4f03e21ebc865e6f6c77edadec6b796a.jpg,640,640,plate,0,0,626,588
343-E-6894-SB-11-19_jpeg.rf.4f62eb9e0149f5ec3c436168cd36c14f.jpg,640,640,plate,2,0,629,629
149-E-4217-TT-01-18_jpeg.rf.49c76e4ff803a081ee125fd1b1160a88.jpg,640,640,plate,0,28,638,623
278-E-4568-TCK-12-17_jpeg.rf.56fdf52cbd63841b719f921014483fb4.jpg,640,640,plate,14,19,631,588
283-E-2870-QAA-10-22_jpeg.rf.270dca47fa65a7c0d5e5426c9e53746a.jpg,640,640,plate,19,39,610,546
126-E-3453-TN-06-22_jpeg.rf.4821f12c3dd72d88ea08e4584610384a.jpg,640,640,plate,2,51,639,635
175-E-6962-PAA-02-21_jpeg.rf.59a49d98fcd3247ce5c4ebd1c1109a68.jpg,640,640,plate,4,3,639,635
IMG-20180108-WA0026_jpg.rf.5ad1c82bcc760bf585eb5ad56e59642a.jpg,640,640,plate,144,352,197,395
IMG-20180108-WA0026_jpg.rf.5ad1c82bcc760bf585eb5ad56e59642a.jpg,640,640,plate,327,208,354,237
IMG-20180108-WA0026_jpg.rf.5ad1c82bcc760bf585eb5ad56e59642a.jpg,640,640,plate,80,220,110,252
IMG-20180108-WA0026_jpg.rf.5ad1c82bcc760bf585eb5ad56e59642a.jpg,640,640,plate,473,399,529,432
164-E-3543-PAG-09-21_jpg.rf.51610e9f68882700dac32c3a6837c813.jpg,640,640,plate,34,36,615,553
145-E-2035-SO-07-20_jpeg.rf.54f78048ce12135e7072d774494bc82d.jpg,640,640,plate,0,0,636,635
319-E-3547-RR-06-12_jpg.rf.53d08565051b5d337726b2fae2357c82.jpg,640,640,plate,20,97,600,559
131-E-5789-QD-12-18_jpg.rf.5b5e5feb1e88c88acbd464c3348bd431.jpg,640,640,plate,13,31,638,616
113-E-2283-RG-10-10_jpg.rf.5a8527aa36482724f7923e7cb2ff6ca7.jpg,640,640,plate,0,0,635,619
311-E-3593-TF-10-19_jpg.rf.571f263cbcb8cee0f19d522f9112794b.jpg,640,640,plate,0,3,635,629
318-E-5827-QT-06-20_jpg.rf.53943015b801fb52e0c8389636a1bf8f.jpg,640,640,plate,45,56,613,571
20171212_124357_jpg.rf.5ba1a62904f2e35d34c92fd9855b4567.jpg,640,640,plate,0,76,640,581
1-E-3977-QM-09-19_jpeg.rf.59893fa08ea5ab2582b7320aa81acfd0.jpg,640,640,plate,0,2,637,635
173-E-4019-TL-05-22_jpg.rf.5ca7104bc00cc9255af0dba937f3d609.jpg,640,640,plate,1,0,639,636
123-E-4603-PAE-07-21_jpeg.rf.5cdbf2da5ff2e92189527c3eeb92bb1b.jpg,640,640,plate,15,25,635,635
74-E-2393-TT-01-18_jpg.rf.5bc7fe74aae1a8b09ba954e6ef52d922.jpg,640,640,plate,15,12,615,595
148-E-3052-QU-06-20_jpg.rf.5ca3be68a2022d26f60ddacaaed16737.jpg,640,640,plate,0,1,639,636
248-E-4212-SS-01-21_jpeg.rf.5b9e099d885764ec4f07f18cbfdbeda7.jpg,640,640,plate,0,26,639,628
268-E-6752-SN-04-18_jpeg.rf.60ca01453d04fedc112deffcea72cbb0.jpg,640,640,plate,0,0,632,620
IMG-20180108-WA0042_jpg.rf.61c0da8cc14d12478a19b613df4d1663.jpg,640,640,plate,289,293,337,335
IMG-20180108-WA0042_jpg.rf.61c0da8cc14d12478a19b613df4d1663.jpg,640,640,plate,190,305,242,347
IMG-20180108-WA0042_jpg.rf.61c0da8cc14d12478a19b613df4d1663.jpg,640,640,plate,52,324,97,374
IMG-20180108-WA0085_jpg.rf.64c5c2931597ca1fa96f1f8add045d60.jpg,640,640,plate,329,375,368,416
IMG-20180108-WA0085_jpg.rf.64c5c2931597ca1fa96f1f8add045d60.jpg,640,640,plate,461,384,501,427
IMG-20180108-WA0085_jpg.rf.64c5c2931597ca1fa96f1f8add045d60.jpg,640,640,plate,135,369,161,391
195-E-2110-QP-12-19_jpeg.rf.652f2f6e641b3f24efbed084e59551ad.jpg,640,640,plate,0,0,635,636
29-E-3978-SC-12-21_jpeg.rf.614a77c11fe99788235d9e8d4346bbc8.jpg,640,640,plate,8,13,631,606
43-E-5736-PAQ-09-22_jpeg.rf.64819bd334468bb1d003508f42fbd760.jpg,640,640,plate,0,5,623,635
122-E-3206-PAO-06-22_jpeg.rf.628a74c05d90c49cf5f3e56a8161390c.jpg,640,640,plate,8,15,638,612
252-E-2113-PAG-09-21_jpeg.rf.60df4ab99a291335f1ffcb70f5a24482.jpg,640,640,plate,0,6,629,547
293-E-2509-OW-09-20_jpg.rf.620f9ca3508519a01c442ad229bbc698.jpg,640,640,plate,21,15,607,536
284-E-5676-TD-02-18_jpg.rf.5e3650e9d6d3260a0b918e6859f37dfd.jpg,640,640,plate,4,22,628,598
139-E-5515-QG-04-19_jpg.rf.5eefbbfaa7c0670b5069506bdbc26840.jpg,640,640,plate,27,0,605,577
IMG-20180108-WA0031_jpg.rf.5edfeadebda6cc6f16f50126fee8ae47.jpg,640,640,plate,146,317,195,358
IMG-20180108-WA0031_jpg.rf.5edfeadebda6cc6f16f50126fee8ae47.jpg,640,640,plate,349,297,395,336
IMG-20180108-WA0031_jpg.rf.5edfeadebda6cc6f16f50126fee8ae47.jpg,640,640,plate,480,326,532,358
109-E-4026-SL-02-20_jpg.rf.6697d67c851e42855f808c38c8c6ae5e.jpg,640,640,plate,32,79,608,542
253-E-2212-TZ-07-18_jpeg.rf.63e5e7131d642129c26da9e5f745b9ad.jpg,640,640,plate,0,0,493,635
165-E-5555-SR-05-20_jpg.rf.66ec449eebe8c4ec81587a34d14a1913.jpg,640,640,plate,1,3,639,635
45-E-4836-QM-10-19_jpeg.rf.670c66ffb7f595ca6ede76cf3710814a.jpg,640,640,plate,21,0,621,611
220-E-3246-OP-12-19_jpg.rf.62eee27e0bc7ecd2ffaffab7e53372ac.jpg,640,640,plate,16,0,624,626
203-E-3071-TC-10-21_jpg.rf.5e4ec34d8c5e4faa20cbe1cc0b12bee8.jpg,640,640,plate,0,29,627,596
20171212_141203_jpg.rf.6852f5aa644e54835111615d1bcbf69d.jpg,640,640,plate,23,97,630,488
20171211_110659_jpg.rf.6956be4932dfd549056fc1aa472009dc.jpg,640,640,plate,0,20,640,483
89-E-6099-QS-05-20_jpeg.rf.68c15ccd0259e5817b124a0e831bea8b.jpg,640,640,plate,0,8,626,637
188-E-2647-SL-01-20_jpeg.rf.5b4373f7d37b9c66fa8d6103c7e33684.jpg,640,640,plate,5,0,628,634
240-E-9999-AA-02-19_jpeg.rf.6a5d834af06e516321a737a5a9f12f79.jpg,640,640,plate,0,0,638,637
335-E-3405-PAH-10-21_jpeg.rf.3b7bc849e9ff76d080a9d9ff4448a78d.jpg,640,640,plate,4,35,630,592
IMG-20180108-WA0070_jpg.rf.6add6043c604075319adf346be4beac2.jpg,640,640,plate,261,277,300,317
IMG-20180108-WA0070_jpg.rf.6add6043c604075319adf346be4beac2.jpg,640,640,plate,166,275,201,316
193-E-4682-QA-09-22_jpg.rf.69782035ea4cb0c9bd728b00d84777bc.jpg,640,640,plate,17,17,623,589
58-E-5158-TP-09-17_jpg.rf.6f238af420f585571aaa8755ecf654aa.jpg,640,640,plate,1,0,639,629
93-E-5277-PW-09-18_jpg.rf.6e7d64792fb821d3ae42dafda56ce4fc.jpg,640,640,plate,20,53,625,580
12-E-2462-QF-02-19_jpeg.rf.3ec18777bac5c1e4d1d2b51a3803bca4.jpg,640,640,plate,4,13,635,623
46-E-4531-TV-04-18_jpeg.rf.6b95d14fd740eb600cba20c73b1864d0.jpg,640,640,plate,0,0,638,632
219-E-6312-SW-07-21_jpeg.rf.6cf3a4cfd3c6f2c436c539d28368a38c.jpg,640,640,plate,30,0,636,615
IMG-20180108-WA0083_jpg.rf.6fb55f9c72f1524bf7fb5b4a941e30e4.jpg,640,640,plate,275,406,371,450
321-E-3255-TN-12-20_jpg.rf.5c1a85240434fe3f87667a6d50e1b862.jpg,640,640,plate,6,31,626,599
308-E-5024-SO-09-20_jpg.rf.6f5d875be8dc76d55fe6a9d3b119b327.jpg,640,640,plate,0,15,609,549
130-E-9967-P-12-22_jpg.rf.724a80a2d52e1355b0fcbde8b96ca177.jpg,640,640,plate,4,22,630,629
78-E-1245-RG-02-20_jpg.rf.6ee2c3ab90f6b9775e3a5a073b053c51.jpg,640,640,plate,35,101,593,515
215-E-6608-PAF-09-21_jpeg.rf.6d49966843a9700ec66124d5e83d2fc7.jpg,640,640,plate,13,12,627,537
IMG-20180108-WA0027_jpg.rf.71575fca41083b16f1bf10a898cdc099.jpg,640,640,plate,210,366,292,425
IMG-20180108-WA0027_jpg.rf.71575fca41083b16f1bf10a898cdc099.jpg,640,640,plate,354,188,418,247
138-E-4746-PAI-12-21_jpg.rf.635693beb30c23eeca98a89821b601fb.jpg,640,640,plate,3,2,640,556
68-E-1267-RB-01-21_jpg.rf.726132c4b7f6f990fce35f2bd549ecc1.jpg,640,640,plate,18,29,628,594
314-E-3016-SB-10-18_jpeg.rf.74a21d88095e9413415cf8ef59a7682c.jpg,640,640,plate,36,0,632,628
10-E-5894-SZ-09-17_jpg.rf.757125461407d95a28e37eca569dba9b.jpg,640,640,plate,14,40,624,568
23-E-2694-SI-09-19_jpg.rf.7596291db119833047f9e6519fb2c928.jpg,640,640,plate,12,5,621,565
155-E-3392-TZ-07-18_jpeg.rf.7358185c8af27c26745480f7f1358a6c.jpg,640,640,plate,0,0,636,619
27-E-3524-PAG-09-21_jpeg.rf.702155da1d210a6c128716b96dee780b.jpg,640,640,plate,7,12,637,621
IMG-20180108-WA0102_jpg.rf.74dd3a0c46e68e8219d65be14ce9c72b.jpg,640,640,plate,336,300,378,327
IMG-20180108-WA0102_jpg.rf.74dd3a0c46e68e8219d65be14ce9c72b.jpg,640,640,plate,479,287,526,320
IMG-20180108-WA0102_jpg.rf.74dd3a0c46e68e8219d65be14ce9c72b.jpg,640,640,plate,156,302,191,337
124-E-4564-RRR-11-21_jpg.rf.75b809e5dd75a53d6a3fa70fc08c4f83.jpg,640,640,plate,20,12,615,594
8-E-3396-TO-08-22_jpeg.rf.6c7eca5211b783a3e9adf6ce0d6916b9.jpg,640,640,plate,12,3,636,639
350-E-3577-PAI-12-21_jpg.rf.6bbe7f42624e064cd5e19e9e3312accc.jpg,640,640,plate,12,21,629,532
IMG-20180108-WA0024_jpg.rf.61d5346043dbf7d71fda54cd1d7b1e2f.jpg,640,640,plate,359,358,404,367
IMG-20180108-WA0024_jpg.rf.61d5346043dbf7d71fda54cd1d7b1e2f.jpg,640,640,plate,322,338,367,346
IMG-20180108-WA0019_jpg.rf.710d7a8529335ea5802ad00a23ed281a.jpg,640,640,plate,9,281,59,308
IMG-20180108-WA0019_jpg.rf.710d7a8529335ea5802ad00a23ed281a.jpg,640,640,plate,198,324,241,358
IMG-20180108-WA0019_jpg.rf.710d7a8529335ea5802ad00a23ed281a.jpg,640,640,plate,374,272,416,313
IMG-20180108-WA0019_jpg.rf.710d7a8529335ea5802ad00a23ed281a.jpg,640,640,plate,547,243,600,290
316-E-4895-OL-09-19_jpeg.rf.75ceb6885965d000a579d560cec3f733.jpg,640,640,plate,0,0,634,637
61-E-6472-SB-11-18_jpeg.rf.76464184b0118488717a5c48a74b8b64.jpg,640,640,plate,24,30,636,620
119-E-4538-QK-08-19_jpeg.rf.765efe0510f6aeee5e9f1de937435ba7.jpg,640,640,plate,5,11,632,622
25-E-2101-PAD-06-21_jpeg.rf.783c9a637fe4fef277dc1092ae7ecfad.jpg,640,640,plate,9,0,639,579
328-E-1992-RN-04-22_jpeg.rf.78b703bd89e1ef395d2c2b0ea9981636.jpg,640,640,plate,0,0,621,628
105-E-6430-QO-12-19_jpeg.rf.78dcc70bc2b84e7012c5a0da8c125a1d.jpg,640,640,plate,3,7,634,637
227-E-2075-OD-11-18_jpg.rf.78fe49e0dae90015f121ab0b727a90f2.jpg,640,640,plate,0,0,626,582
306-E-3270-SJ-08-22_jpeg.rf.79b6b4d4dcefa8df67cc7ec8f6d26c3d.jpg,640,640,plate,0,18,633,603
263-E-6631-TO-08-21_jpg.rf.7a2c447f2d96a3d59392cab133323248.jpg,640,640,plate,13,63,622,590
209-E-5246-PAF-08-21_jpeg.rf.78bc0944d6f3ed69560473c708f40dd8.jpg,640,640,plate,0,6,637,616
156-E-3426-SB-10-18_jpg.rf.7998674ee0f67be57173e172e29d0d8b.jpg,640,640,plate,8,47,616,609
IMG-20180108-WA0035_jpg.rf.7ab3ca8f6c2250486d4b7d52256cc3a9.jpg,640,640,plate,45,384,94,428
IMG-20180108-WA0035_jpg.rf.7ab3ca8f6c2250486d4b7d52256cc3a9.jpg,640,640,plate,154,221,186,248
IMG-20180108-WA0035_jpg.rf.7ab3ca8f6c2250486d4b7d52256cc3a9.jpg,640,640,plate,240,378,290,424
IMG-20180108-WA0035_jpg.rf.7ab3ca8f6c2250486d4b7d52256cc3a9.jpg,640,640,plate,405,361,443,397
IMG-20180108-WA0035_jpg.rf.7ab3ca8f6c2250486d4b7d52256cc3a9.jpg,640,640,plate,478,366,531,414
IMG-20180108-WA0035_jpg.rf.7ab3ca8f6c2250486d4b7d52256cc3a9.jpg,640,640,plate,578,376,630,416
IMG-20180108-WA0035_jpg.rf.7ab3ca8f6c2250486d4b7d52256cc3a9.jpg,640,640,plate,209,231,240,254
IMG-20180108-WA0035_jpg.rf.7ab3ca8f6c2250486d4b7d52256cc3a9.jpg,640,640,plate,289,276,317,297
51-E-3083-PAH-10-21_jpeg.rf.7b193190b9f00e854b343e865ba25dd6.jpg,640,640,plate,34,69,612,636
IMG-20180108-WA0036_jpg.rf.7c808bfc315e0c4056c47b9ff68ebdd2.jpg,640,640,plate,48,253,111,311
IMG-20180108-WA0036_jpg.rf.7c808bfc315e0c4056c47b9ff68ebdd2.jpg,640,640,plate,182,196,212,223
IMG-20180108-WA0036_jpg.rf.7c808bfc315e0c4056c47b9ff68ebdd2.jpg,640,640,plate,268,180,299,207
IMG-20180108-WA0036_jpg.rf.7c808bfc315e0c4056c47b9ff68ebdd2.jpg,640,640,plate,360,359,417,412
IMG-20180108-WA0036_jpg.rf.7c808bfc315e0c4056c47b9ff68ebdd2.jpg,640,640,plate,561,412,619,459
212-E-3817-PAH-11-21_jpeg.rf.77d9a55427b38b74e98e475caf234904.jpg,640,640,plate,6,12,639,609
111-E-6810-IX-05-20_jpg.rf.7b7c84666685fea4022eeb36f2024375.jpg,640,640,plate,12,0,637,609
202-E-2965-TO-07-22_jpeg.rf.81f2c2692573fc76e22a6e1214611b93.jpg,640,640,plate,0,0,638,632
290-E-2157-PAO-06-22_jpeg.rf.7cab824ec70866b4957018133df91619.jpg,640,640,plate,0,3,634,637
IMG-20180108-WA0052_jpg.rf.7ef74bb705ce5a4e23b811d8bbf81e3f.jpg,640,640,plate,516,187,576,242
IMG-20180108-WA0052_jpg.rf.7ef74bb705ce5a4e23b811d8bbf81e3f.jpg,640,640,plate,227,244,300,317
IMG-20180108-WA0052_jpg.rf.7ef74bb705ce5a4e23b811d8bbf81e3f.jpg,640,640,plate,68,203,130,263
62-E-3977-TH-12-18_jpg.rf.7b8e9ab6d36b64b086a11d3986c35db2.jpg,640,640,plate,0,52,618,623
IMG-20180108-WA0032_jpg.rf.7c68b9983678fc8ca166003fb9b760fc.jpg,640,640,plate,81,353,142,400
IMG-20180108-WA0032_jpg.rf.7c68b9983678fc8ca166003fb9b760fc.jpg,640,640,plate,209,379,274,431
IMG-20180108-WA0032_jpg.rf.7c68b9983678fc8ca166003fb9b760fc.jpg,640,640,plate,397,325,454,360
98-E-2521-RQ-04-19_jpg.rf.7ce56b406a254bce4c0b0911717130b5.jpg,640,640,plate,18,129,530,515
166-E-2989-OZ-12-20_jpg.rf.7db508dfb4dfa1a7c687c472cca3e38f.jpg,640,640,plate,24,32,622,555
326-E-3758-RW-04-18_jpeg.rf.7ff65891aab9207d85559a00eaed9c4e.jpg,640,640,plate,1,4,637,628
154-E-6151-PAL-04-22_jpg.rf.832665c052e63341b51213e936c8d79a.jpg,640,640,plate,0,0,638,561
IMG-20180108-WA0051_jpg.rf.84b7b1ba9219adde5e9d4b26673721ae.jpg,640,640,plate,451,412,533,488
IMG-20180108-WA0051_jpg.rf.84b7b1ba9219adde5e9d4b26673721ae.jpg,640,640,plate,221,388,297,459
IMG-20180108-WA0051_jpg.rf.84b7b1ba9219adde5e9d4b26673721ae.jpg,640,640,plate,134,176,166,206
20171212_073415_jpg.rf.83821df1b2ec95dbe3d9f35e7548225f.jpg,640,640,plate,1,50,640,540
54-E-5627-SF-06-19_jpg.rf.82d64ff1b0b5df89406c06d42e557cb5.jpg,640,640,plate,8,32,616,608
IMG-20180108-WA0068_jpg.rf.87271fc760fd69312d55f73f73c8f35e.jpg,640,640,plate,475,335,514,373
IMG-20180108-WA0068_jpg.rf.87271fc760fd69312d55f73f73c8f35e.jpg,640,640,plate,390,320,420,355
IMG-20180108-WA0068_jpg.rf.87271fc760fd69312d55f73f73c8f35e.jpg,640,640,plate,357,212,378,233
IMG-20180108-WA0068_jpg.rf.87271fc760fd69312d55f73f73c8f35e.jpg,640,640,plate,257,336,288,362
IMG-20180108-WA0068_jpg.rf.87271fc760fd69312d55f73f73c8f35e.jpg,640,640,plate,146,315,186,355
IMG-20180108-WA0068_jpg.rf.87271fc760fd69312d55f73f73c8f35e.jpg,640,640,plate,12,331,55,365
IMG-20180108-WA0068_jpg.rf.87271fc760fd69312d55f73f73c8f35e.jpg,640,640,plate,83,211,102,230
20171211_160434_jpg.rf.85a0f0cc68caab2335895007b1f16823.jpg,640,640,plate,5,68,640,499
256-E-4572-SS-01-16_jpeg.rf.859526499180e306910daf9557d15ecb.jpg,640,640,plate,0,0,631,612
IMG-20180108-WA0063_jpg.rf.867fbec7c0198e03b37c6b2dd08d1f1f.jpg,640,640,plate,306,393,359,442
IMG-20180108-WA0063_jpg.rf.867fbec7c0198e03b37c6b2dd08d1f1f.jpg,640,640,plate,526,402,576,454
IMG-20180108-WA0063_jpg.rf.867fbec7c0198e03b37c6b2dd08d1f1f.jpg,640,640,plate,104,404,159,448
IMG-20180108-WA0063_jpg.rf.867fbec7c0198e03b37c6b2dd08d1f1f.jpg,640,640,plate,206,260,238,290
206-E-2253-RB-01-21_jpg.rf.89266bdb5d546971da9013ba1279822c.jpg,640,640,plate,10,17,631,631
277-E-6802-PAH-11-21_jpg.rf.86e244c6c5bcd5573197650bc9414263.jpg,640,640,plate,0,34,614,606
86-E-5202-TA-03-19_jpg.rf.894d7b5200a525680f43fb60e09cc4b6.jpg,640,640,plate,0,0,638,638
20171212_142228_jpg.rf.8847d16d9fa99e2773a93ac568143300.jpg,640,640,plate,0,20,640,516
143-E-5279-SD-12-21_jpg.rf.86af56637f6b57250f9790a809555a2a.jpg,640,640,plate,0,0,634,635
236-E-536-YY-00-00_jpg.rf.87e67b9b0d262c68a38c11ce7414598a.jpg,640,640,plate,14,5,638,625
235-E-1893-PQ-01-19_jpg.rf.850d7c8ec10c9ae7bd67ba6f86c96368.jpg,640,640,plate,1,19,633,638
257-E-4553-QT-06-20_jpg.rf.8a0655bb6bd528cb296f203df6374056.jpg,640,640,plate,9,36,617,590
210-E-3166-PAO-06-22_jpeg.rf.8a3d78e12cf171cc4da39c7dc1957643.jpg,640,640,plate,4,18,635,589
135-E-4721-SJ-11-20_jpeg.rf.7939f85bf0cc1ac7ab5d622e706dbab0.jpg,640,640,plate,0,0,621,634
299-E-5051-SD-03-18_jpeg.rf.8e7f64a0b76fca8b3b0119f2226a34c5.jpg,640,640,plate,4,6,636,632
20-E-4221-RL-04-19_jpg.rf.8f5867c39609deb57e4b1b8c55566246.jpg,640,640,plate,0,39,635,623
IMG-20180108-WA0040_jpg.rf.8b1358720c64e1ded4cf009dcfc62246.jpg,640,640,plate,432,234,495,297
IMG-20180108-WA0040_jpg.rf.8b1358720c64e1ded4cf009dcfc62246.jpg,640,640,plate,282,99,300,118
40-E-2324-OM-09-19_jpg.rf.8dbe95285e62be63ae5a98f462b8a749.jpg,640,640,plate,7,9,639,608
183-E-5266-TS-12-22_jpg.rf.900359e11bdc643478099d52a58b2c89.jpg,640,640,plate,28,7,616,594
IMG-20180108-WA0055_jpg.rf.925b669e5edef307e6088b75fae34eb8.jpg,640,640,plate,137,425,171,453
IMG-20180108-WA0055_jpg.rf.925b669e5edef307e6088b75fae34eb8.jpg,640,640,plate,513,322,546,351
IMG-20180108-WA0055_jpg.rf.925b669e5edef307e6088b75fae34eb8.jpg,640,640,plate,351,334,384,360
IMG-20180108-WA0055_jpg.rf.925b669e5edef307e6088b75fae34eb8.jpg,640,640,plate,214,301,238,324
IMG-20180108-WA0055_jpg.rf.925b669e5edef307e6088b75fae34eb8.jpg,640,640,plate,307,294,331,312
75-E-2956-RP-03-22_jpeg.rf.90d481bd5d9664621e25f5d32c508b30.jpg,640,640,plate,0,7,637,620
172-E-6526-QX-11-20_jpg.rf.925e8c67e3b5c7376babd9fb39803b9c.jpg,640,640,plate,0,0,639,630
262-E-3465-SL-02-20_jpg.rf.908bff78b78c5e2806516132ba8c954a.jpg,640,640,plate,0,0,639,635
60-E-1707-PH-03-15_jpeg.rf.92cff099b96e484c715baa8e9f279f9c.jpg,640,640,plate,0,0,623,613
IMG-20180108-WA0061_jpg.rf.934b746206c80e8398f123206d6e70bf.jpg,640,640,plate,23,383,79,423
IMG-20180108-WA0061_jpg.rf.934b746206c80e8398f123206d6e70bf.jpg,640,640,plate,351,336,400,370
IMG-20180108-WA0061_jpg.rf.934b746206c80e8398f123206d6e70bf.jpg,640,640,plate,470,249,496,271
IMG-20180108-WA0061_jpg.rf.934b746206c80e8398f123206d6e70bf.jpg,640,640,plate,612,244,633,265
IMG-20180108-WA0061_jpg.rf.934b746206c80e8398f123206d6e70bf.jpg,640,640,plate,407,174,421,188
IMG-20180108-WA0061_jpg.rf.934b746206c80e8398f123206d6e70bf.jpg,640,640,plate,265,171,282,185
38-E-3747-RE-08-15_jpeg.rf.95980ec6a5ab1014f29174c2606715f7.jpg,640,640,plate,2,0,636,606
315-E-6091-TV-04-18_jpg.rf.93ffe55028145609702e134fd30dd032.jpg,640,640,plate,31,65,617,570
IMG-20180108-WA0064_jpg.rf.92ee4728836d4aca1b9038fbb7fa1114.jpg,640,640,plate,525,362,563,390
IMG-20180108-WA0064_jpg.rf.92ee4728836d4aca1b9038fbb7fa1114.jpg,640,640,plate,404,373,448,419
IMG-20180108-WA0064_jpg.rf.92ee4728836d4aca1b9038fbb7fa1114.jpg,640,640,plate,306,364,341,393
IMG-20180108-WA0064_jpg.rf.92ee4728836d4aca1b9038fbb7fa1114.jpg,640,640,plate,226,359,258,388
IMG-20180108-WA0064_jpg.rf.92ee4728836d4aca1b9038fbb7fa1114.jpg,640,640,plate,20,357,54,381
IMG-20180108-WA0064_jpg.rf.92ee4728836d4aca1b9038fbb7fa1114.jpg,640,640,plate,96,372,127,404
238-E-5241-TR-11-22_jpg.rf.95d8f188feb9a28020ff8e6136116489.jpg,640,640,plate,0,0,622,624
IMG-20180108-WA0028_jpg.rf.98c946fc34a8a0145cfe9f3260845d1c.jpg,640,640,plate,270,439,303,480
IMG-20180108-WA0028_jpg.rf.98c946fc34a8a0145cfe9f3260845d1c.jpg,640,640,plate,571,456,626,508
IMG-20180108-WA0028_jpg.rf.98c946fc34a8a0145cfe9f3260845d1c.jpg,640,640,plate,198,370,228,408
IMG-20180108-WA0028_jpg.rf.98c946fc34a8a0145cfe9f3260845d1c.jpg,640,640,plate,68,357,97,393
IMG-20180108-WA0087_jpg.rf.9698aef31bbddc1a87832c1529d84fae.jpg,640,640,plate,422,388,451,416
IMG-20180108-WA0082_jpg.rf.9750f78623b0ea3f7d59ecbd18f827cf.jpg,640,640,plate,299,368,401,422
345-E-2047-SF-05-19_jpeg.rf.97475508dddd2bda98e2700e71b70ef5.jpg,640,640,plate,3,7,639,614
IMG-20180108-WA0077_jpg.rf.9462047eeb6a9a1a77021816936e3147.jpg,640,640,plate,510,316,558,367
IMG-20180108-WA0077_jpg.rf.9462047eeb6a9a1a77021816936e3147.jpg,640,640,plate,302,366,345,425
IMG-20180108-WA0077_jpg.rf.9462047eeb6a9a1a77021816936e3147.jpg,640,640,plate,86,311,144,358
IMG-20180108-WA0077_jpg.rf.9462047eeb6a9a1a77021816936e3147.jpg,640,640,plate,273,249,301,283
217-E-4992-SW-06-15_jpg.rf.96ea19048cbf1974a90cd3db6c795597.jpg,640,640,plate,0,0,639,634
273-E-6078-RM-09-22_jpeg.rf.95134c59ee573255e3dadad2aa37e299.jpg,640,640,plate,0,18,629,608
225-E-3061-SQ-10-20_jpg.rf.9aaec17f3c68ffd8541bb8c225786f44.jpg,640,640,plate,11,2,637,624
340-E-4235-RP-01-22_jpeg.rf.9d6619549c1832914bacce8e38d8ff0e.jpg,640,640,plate,5,0,638,626
IMG-20180108-WA0076_jpg.rf.9f2a1ae21c4461921bfa82a321cdd887.jpg,640,640,plate,271,378,368,435
186-E-6173-IM-11-18_jpeg.rf.959ac2f0a4987cff432c5b462b87f803.jpg,640,640,plate,0,0,638,631
IMG-20180108-WA0041_jpg.rf.87689a377822b331328fce903cdbccee.jpg,640,640,plate,506,320,562,353
IMG-20180108-WA0041_jpg.rf.87689a377822b331328fce903cdbccee.jpg,640,640,plate,278,320,319,355
IMG-20180108-WA0041_jpg.rf.87689a377822b331328fce903cdbccee.jpg,640,640,plate,177,374,216,416
IMG-20180108-WA0041_jpg.rf.87689a377822b331328fce903cdbccee.jpg,640,640,plate,98,326,132,364
129-E-6410-TX-06-18_jpeg.rf.9e99d7d74dce18a7a617e7b400b8cf25.jpg,640,640,plate,5,4,638,619
32-E-3932-SL-02-15_jpeg.rf.9ca2359406847c85b6ff667743683911.jpg,640,640,plate,1,0,639,633
291-E-3496-RW-04-19_jpeg.rf.99f88629d511da937412a84eb76631b6.jpg,640,640,plate,1,0,634,631
84-E-6545-SN-06-21_jpeg.rf.9f330ed55d401b46955f5854f4debae0.jpg,640,640,plate,0,14,635,619
349-E-4378-SG-07-19_jpeg.rf.9e53eb48ef0d89b75391c19ce49b1b35.jpg,640,640,plate,3,7,632,626
IMG-20180108-WA0047_jpg.rf.a1885d2c56b16ccd3a416538e55d3987.jpg,640,640,plate,199,334,273,393
IMG-20180108-WA0047_jpg.rf.a1885d2c56b16ccd3a416538e55d3987.jpg,640,640,plate,435,209,502,284
IMG-20180108-WA0047_jpg.rf.a1885d2c56b16ccd3a416538e55d3987.jpg,640,640,plate,385,63,409,88
IMG-20180108-WA0047_jpg.rf.a1885d2c56b16ccd3a416538e55d3987.jpg,640,640,plate,460,53,481,75
IMG-20180108-WA0047_jpg.rf.a1885d2c56b16ccd3a416538e55d3987.jpg,640,640,plate,263,72,287,105
IMG-20180108-WA0047_jpg.rf.a1885d2c56b16ccd3a416538e55d3987.jpg,640,640,plate,98,74,125,105
IMG-20180108-WA0017_jpg.rf.a3b6834cf54f48cd79624270233682d6.jpg,640,640,plate,145,372,200,417
IMG-20180108-WA0017_jpg.rf.a3b6834cf54f48cd79624270233682d6.jpg,640,640,plate,337,335,385,382
IMG-20180108-WA0017_jpg.rf.a3b6834cf54f48cd79624270233682d6.jpg,640,640,plate,487,389,539,440
52-E-3765-QO-12-19_jpg.rf.a25329c44605a0bf8b01cb337d0fa032.jpg,640,640,plate,9,34,635,606
207-E-4396-RU-12-17_jpeg.rf.a4e0b97edc1b9fe3c9d452d8abf85007.jpg,640,640,plate,0,11,635,632
22-E-5234-YF-11-20_jpeg.rf.a3951f8ef70db5fc905e6610e43c0686.jpg,640,640,plate,0,0,636,625
IMG-20180108-WA0089_jpg.rf.a2e749210d5dd2d08cc87b95a357261f.jpg,640,640,plate,105,257,153,318
IMG-20180108-WA0089_jpg.rf.a2e749210d5dd2d08cc87b95a357261f.jpg,640,640,plate,176,280,239,363
IMG-20180108-WA0089_jpg.rf.a2e749210d5dd2d08cc87b95a357261f.jpg,640,640,plate,407,339,500,454
76-E-5361-TI-01-18_jpg.rf.a4a1307b4789e71b25400683a29918e1.jpg,640,640,plate,33,51,637,570
289-E-6810-TX-06-18_jpeg.rf.ab224b3b0b68868dd04c83c25ed05b76.jpg,640,640,plate,2,0,638,631
6-E-3237-QY-11-20_jpeg.rf.92fd113bf29dc2fdc56e8c508fca129a.jpg,640,640,plate,9,39,631,593
IMG-20180108-WA0088_jpg.rf.a61bf0cac39cc16065be85b6e73c8d48.jpg,640,640,plate,82,320,218,423
IMG-20180108-WA0088_jpg.rf.a61bf0cac39cc16065be85b6e73c8d48.jpg,640,640,plate,395,344,553,482
IMG-20180108-WA0072_jpg.rf.a651a7759c8f3f61f68d9099b769c01c.jpg,640,640,plate,328,396,407,412
IMG-20180108-WA0086_jpg.rf.a4fe3262e9f7141a7f33d28d4c456271.jpg,640,640,plate,371,302,420,353
IMG-20180108-WA0086_jpg.rf.a4fe3262e9f7141a7f33d28d4c456271.jpg,640,640,plate,198,247,227,270
20171214_121617_jpg.rf.ace6ad60a14100cb3316f8e5940c40eb.jpg,640,640,plate,0,14,640,534
239-E-6326-TQ-04-19_jpg.rf.adeaa15c25e400b884b2574052c5ed8b.jpg,640,640,plate,10,16,626,595
55-E-6214-PAO-09-22_jpg.rf.ae9d199a55259b74be50ecc69e0852ec.jpg,640,640,plate,11,45,616,594
20171212_100708_jpg.rf.ae6aeafa82d3ecaef46b4cf8ba4331e7.jpg,640,640,plate,1,50,640,549
320-E-3796-PY-05-20_jpg.rf.ad9d7ec1c737431b0c56eddc68cb26eb.jpg,640,640,plate,2,14,636,638
242-E-6733-TN-07-20_jpeg.rf.adcc644d47bd3bd96b986faad3664571.jpg,640,640,plate,0,16,639,622
IMG-20180108-WA0067_jpg.rf.abbad8b887a100079162094a9e03845b.jpg,640,640,plate,448,394,513,445
IMG-20180108-WA0067_jpg.rf.abbad8b887a100079162094a9e03845b.jpg,640,640,plate,357,192,388,225
IMG-20180108-WA0067_jpg.rf.abbad8b887a100079162094a9e03845b.jpg,640,640,plate,60,247,81,270
90-E-5811-RO-10-18_jpeg.rf.9a1f2ff6e467b968ced1f428ba9de913.jpg,640,640,plate,0,18,638,592
81-E-3115-SN-06-20_jpg.rf.aee172a9c875e6ff37e1f16d4976ddfd.jpg,640,640,plate,14,35,613,571
20171211_132834_jpg.rf.b1fc6566b13ff7781565be7f15b0d0a8.jpg,640,640,plate,23,88,640,523
285-E-5515-QT-06-20_jpeg.rf.af4fb2c94d57bfc65682dfe2b786348d.jpg,640,640,plate,11,18,620,583
310-E-6193-QF-02-10_jpeg.rf.affa52f15a33f7efd2485f2bd2566e63.jpg,640,640,plate,19,24,624,632
64-E-5561-OI-06-19_jpg.rf.ad434b3b618702eab453b0dbce37a972.jpg,640,640,plate,3,0,639,621
20171212_124449_jpg.rf.abbfef45b27f90d82446ae0555745e1d.jpg,640,640,plate,6,40,640,523
IMG-20180108-WA0101_jpg.rf.b14e0a8eea8a8402d4f782595c118d49.jpg,640,640,plate,95,342,135,384
IMG-20180108-WA0101_jpg.rf.b14e0a8eea8a8402d4f782595c118d49.jpg,640,640,plate,337,334,368,367
IMG-20180108-WA0101_jpg.rf.b14e0a8eea8a8402d4f782595c118d49.jpg,640,640,plate,434,326,464,347
IMG-20180108-WA0101_jpg.rf.b14e0a8eea8a8402d4f782595c118d49.jpg,640,640,plate,548,347,579,366
36-E-4092-TJ-03-18_jpeg.rf.b2436298249f680bc8f48776e7b875fb.jpg,640,640,plate,9,0,638,637
201-E-5090-PAO-07-22_jpg.rf.b2dbb6335e4ee3ac35a4bd1cc6fbf870.jpg,640,640,plate,38,24,631,593
312-E-3212-OL-08-19_jpg.rf.b010a074a209ecd4a28b1c2df3a57f3c.jpg,640,640,plate,4,10,631,612
185-E-6017-SR-03-13_jpg.rf.b32816c9a676cbe294fba13ec8af43ee.jpg,640,640,plate,9,55,631,567
194-E-6037-SF-06-19_jpeg.rf.8a5b893735e49bceff11054762cc2303.jpg,640,640,plate,0,0,630,631
132-E-6298-SS-01-21_jpg.rf.b3b250a64114b2d532dca38e942ba1f1.jpg,640,640,plate,0,38,638,623
339-E-4966-SN-07-20_jpg.rf.b3a5b248ccf888ad14c353506cb6c72a.jpg,640,640,plate,15,0,594,621
20171211_155025_jpg.rf.b51e856ce311e6013f62f367e2ad1918.jpg,640,640,plate,1,87,640,575
IMG-20180108-WA0073_jpg.rf.b37c77642b4c9dd489564b3c186f282e.jpg,640,640,plate,418,210,485,270
IMG-20180108-WA0073_jpg.rf.b37c77642b4c9dd489564b3c186f282e.jpg,640,640,plate,121,374,185,445
IMG-20180108-WA0043_jpg.rf.b536744a7f82fc960087d3cb9b8285cc.jpg,640,640,plate,278,406,381,475
110-E-4753-QV-08-20_jpeg.rf.b801825be932be44c35617415d18ea54.jpg,640,640,plate,22,70,623,618
322-E-8767-TG-11-22_jpg.rf.a6e0a37dabc20f6ff4e0cab68216ee67.jpg,640,640,plate,76,151,582,539
338-E-3851-PAI-12-21_jpeg.rf.ba21cb8dfb95e688c8d1af1f96f67c0b.jpg,640,640,plate,11,26,638,560
IMG-20180108-WA0104_jpg.rf.b863c5910bed5221840a9974fb569888.jpg,640,640,plate,244,235,442,302
2-E-6223-PAC-05-21_jpeg.rf.b5b180d884fd77bab9170911235fe618.jpg,640,640,plate,12,0,630,590
134-E-2194-Q-07-18_jpeg.rf.b934634bf9db3690f71f88929be1782d.jpg,640,640,plate,0,5,634,637
20171212_142243_jpg.rf.b8c2cf51f75872ac4b49d0192ac2f358.jpg,640,640,plate,0,0,638,492
270-E-2891-TT-01-18_jpg.rf.be7f2e634326e2404d3c0e5d2d14a190.jpg,640,640,plate,7,46,622,602
337-E-3955-PAK-02-22_jpeg.rf.b8544028daf12b6e3d774021b72994ed.jpg,640,640,plate,14,0,639,636
IMG-20180108-WA0037_jpg.rf.bbf72559ff0ffad3bf2f8578458f7a7f.jpg,640,640,plate,44,249,72,271
IMG-20180108-WA0037_jpg.rf.bbf72559ff0ffad3bf2f8578458f7a7f.jpg,640,640,plate,35,355,78,383
IMG-20180108-WA0037_jpg.rf.bbf72559ff0ffad3bf2f8578458f7a7f.jpg,640,640,plate,197,345,240,374
IMG-20180108-WA0037_jpg.rf.bbf72559ff0ffad3bf2f8578458f7a7f.jpg,640,640,plate,371,363,414,397
IMG-20180108-WA0037_jpg.rf.bbf72559ff0ffad3bf2f8578458f7a7f.jpg,640,640,plate,247,199,263,212
IMG-20180108-WA0037_jpg.rf.bbf72559ff0ffad3bf2f8578458f7a7f.jpg,640,640,plate,180,254,207,277
IMG-20180108-WA0037_jpg.rf.bbf72559ff0ffad3bf2f8578458f7a7f.jpg,640,640,plate,590,363,627,405
IMG-20180108-WA0020_jpg.rf.b9d2bb8c29170609a78be5af557e8b46.jpg,640,640,plate,303,347,428,369
140-E-5997-QP-01-20_jpeg.rf.c03e4749716c1ccff02199fa4aba77bb.jpg,640,640,plate,16,14,633,582
141-E-3860-PAK-02-22_jpeg.rf.bb2a8abebd8af9660d76260acbc2813b.jpg,640,640,plate,3,32,639,606
259-E-3154-QO-11-19_jpeg.rf.bf332636a301290e9c3125f8162bd6d0.jpg,640,640,plate,3,6,638,622
302-E-3922-OI-05-19_jpg.rf.987432960c7ba5bf0cd3e93cbb23e97e.jpg,640,640,plate,0,30,626,564
280-E-4813-PL-04-20_jpeg.rf.c0d80b134c342f1c67e10a95dcc09228.jpg,640,640,plate,0,0,635,634
IMG-20180108-WA0056_jpg.rf.c0f0913a7040d509c960aec2d9fefcfe.jpg,640,640,plate,109,265,187,336
IMG-20180108-WA0056_jpg.rf.c0f0913a7040d509c960aec2d9fefcfe.jpg,640,640,plate,330,210,399,278
IMG-20180108-WA0056_jpg.rf.c0f0913a7040d509c960aec2d9fefcfe.jpg,640,640,plate,505,215,577,295
IMG-20180108-WA0056_jpg.rf.c0f0913a7040d509c960aec2d9fefcfe.jpg,640,640,plate,401,75,429,99
IMG-20180108-WA0056_jpg.rf.c0f0913a7040d509c960aec2d9fefcfe.jpg,640,640,plate,175,68,197,92
192-E-6347-PAF-09-21_jpg.rf.b4af25766d9edbadaaf48b12e7ca0ab9.jpg,640,640,plate,0,0,639,611
69-E-5792-TT-01-22_jpg.rf.c15bb7c2a49e7da9ae38c937158a308f.jpg,640,640,plate,28,0,612,552
168-E-4092-PAE-07-21_jpeg.rf.c2a27e9161fb4ff4f9ff44d3f5fd7560.jpg,640,640,plate,0,7,628,619
IMG-20180108-WA0025_jpg.rf.ad9e4f52e89b9333a250f3480fd889f4.jpg,640,640,plate,110,281,167,323
IMG-20180108-WA0025_jpg.rf.ad9e4f52e89b9333a250f3480fd889f4.jpg,640,640,plate,238,389,299,447
IMG-20180108-WA0025_jpg.rf.ad9e4f52e89b9333a250f3480fd889f4.jpg,640,640,plate,369,399,418,431
IMG-20180108-WA0025_jpg.rf.ad9e4f52e89b9333a250f3480fd889f4.jpg,640,640,plate,532,402,579,446
IMG-20180108-WA0025_jpg.rf.ad9e4f52e89b9333a250f3480fd889f4.jpg,640,640,plate,569,260,601,279
17-E-4172-QC-11-18_jpg.rf.c1a13dc64508deb48862ae969737b079.jpg,640,640,plate,3,16,630,621
266-E-4299-SZ-09-21_jpeg.rf.b92b315d8ce0208f72ecc3d44f70030b.jpg,640,640,plate,1,2,639,636
292-E-4890-QE-01-19_jpeg.rf.c4aea3ff90a640bdee0dcbf358832d7f.jpg,640,640,plate,13,0,626,631
21-E-6676-PAH-11-21_jpg.rf.c645e5357a74ff8f13380d5db80af69a.jpg,640,640,plate,11,99,622,574
269-E-2101-TJ-02-22_jpg.rf.c618fddc49f1c58c36d0fcc4d4ad2efb.jpg,640,640,plate,3,4,633,609
331-E-2843-HB-08-21_jpeg.rf.c8685c672409dd8cdca5a49bd2ac928f.jpg,640,640,plate,0,17,636,626
333-E-2247-RY-05-18_jpeg.rf.c84db6809b3f14a4393d59d947f36870.jpg,640,640,plate,1,9,636,629
197-E-6375-OC-06-22_jpg.rf.cae4aece70b177699c674fb6537772a2.jpg,640,640,plate,26,28,614,576
246-E-5905-QO-12-19_jpeg.rf.c8638458c0d99d7784df805038952f36.jpg,640,640,plate,7,19,636,638
271-E-2381-PAH-10-21_jpeg.rf.c4c543726badac1b7d04b1b0f4a9f66b.jpg,640,640,plate,3,12,637,629
20171212_100546_jpg.rf.cb353343a57f530dcca76300f599010e.jpg,640,640,plate,3,24,616,463
117-E-2251-TI-01-22_jpg.rf.c989bbd132b99268ef233daa3faeda36.jpg,640,640,plate,0,3,639,627
42-E-3690-SE-09-21_jpg.rf.ae0cc7c3111be41a506ca4feb6baed66.jpg,640,640,plate,22,48,619,599
20171214_121655_jpg.rf.cb410b453f47ccda0387b7c1534aa85a.jpg,640,640,plate,0,33,640,558
190-E-5621-OV-08-20_jpg.rf.c7332f64a260978baba5ee8fc5bc32fe.jpg,640,640,plate,0,0,632,608
142-E-3229-SQ-11-18_jpeg.rf.cd4ea8144369574c50d5663a0fc7d864.jpg,640,640,plate,0,0,634,638
288-E-2747-QQ-01-20_jpeg.rf.cc506e004d5e53583821decdade91cae.jpg,640,640,plate,0,25,634,630
147-E-2881-QAA-10-22_jpg.rf.ccf072df0c622c5ba74f1ebce7a2a260.jpg,640,640,plate,12,6,639,606
241-E-4510-PL-03-20_jpeg.rf.cc0865c170718df96512b2a739c937af.jpg,640,640,plate,0,0,628,636
286-E-5817-PT-04-18_jpeg.rf.cf698d550c19b87b5e90cfb6a52501bd.jpg,640,640,plate,9,4,633,602
249-E-3507-TS-12-17_jpeg.rf.ccb4558798059288baa05b3fb7ffbf4b.jpg,640,640,plate,31,18,588,634
305-E-4964-SN-07-20_jpeg.rf.d01a3caf3351e0ace91e1503ace72ff0.jpg,640,640,plate,14,45,612,581
34-E-2987-QC-10-18_jpeg.rf.cc8e84e400fa6bcb622b6cc586d01274.jpg,640,640,plate,2,16,631,608
31-E-5235-RO-11-16_jpg.rf.ce837ed425655d9e83c95ca9f98ea281.jpg,640,640,plate,19,37,623,608
IMG-20180108-WA0057_jpg.rf.b6aa712c7d6c7d325dac1fdf5b72771b.jpg,640,640,plate,486,283,542,334
IMG-20180108-WA0057_jpg.rf.b6aa712c7d6c7d325dac1fdf5b72771b.jpg,640,640,plate,275,263,330,315
IMG-20180108-WA0057_jpg.rf.b6aa712c7d6c7d325dac1fdf5b72771b.jpg,640,640,plate,52,274,105,318
IMG-20180108-WA0057_jpg.rf.b6aa712c7d6c7d325dac1fdf5b72771b.jpg,640,640,plate,169,185,199,212
IMG-20180108-WA0057_jpg.rf.b6aa712c7d6c7d325dac1fdf5b72771b.jpg,640,640,plate,376,172,401,193
26-E-4016-TO-08-22_jpeg.rf.d0da91cbfebb97057eeebbe2a28db1b7.jpg,640,640,plate,4,18,637,611
20171212_124415_jpg.rf.d221fcf2418a1e31aae59afe3075b302.jpg,640,640,plate,11,73,640,546
222-E-4578-TL-15-22_jpeg.rf.d0ca4d06af635e582556edda9181f552.jpg,640,640,plate,0,25,631,586
20171212_124349_jpg.rf.d1618645656fcfa206e1feaed9c2eb28.jpg,640,640,plate,0,80,640,567
IMG-20180108-WA0099_jpg.rf.d078e345b362f8d15548295562c4e66b.jpg,640,640,plate,318,319,398,366
IMG-20180108-WA0084_jpg.rf.d530cd359c8227989b375c726e8c3938.jpg,640,640,plate,89,362,150,411
IMG-20180108-WA0084_jpg.rf.d530cd359c8227989b375c726e8c3938.jpg,640,640,plate,259,386,310,430
IMG-20180108-WA0084_jpg.rf.d530cd359c8227989b375c726e8c3938.jpg,640,640,plate,387,376,447,428
IMG-20180108-WA0084_jpg.rf.d530cd359c8227989b375c726e8c3938.jpg,640,640,plate,529,370,579,439
IMG-20180108-WA0084_jpg.rf.d530cd359c8227989b375c726e8c3938.jpg,640,640,plate,259,188,289,223
228-E-6450-TM-06-22_jpeg.rf.d6eedde754d4366bdf0fbef983fee775.jpg,640,640,plate,6,22,639,631
20171212_141155_jpg.rf.d2e670457406cd1059473dde006a4b6e.jpg,640,640,plate,0,91,640,580
296-E-5098-RA-00-00_jpg.rf.d42732e99f816d94ea742759fcbd619b.jpg,640,640,plate,9,4,638,593
342-E-2544-QD-11-18_jpeg.rf.d694d5d82cceba75f344e8a85816e001.jpg,640,640,plate,0,0,628,629
136-E-3916-P-05-21_jpg.rf.d5639643a0b20704cf7d692f665f55c5.jpg,640,640,plate,2,0,630,634
116-E-5241-TP-09-22_jpeg.rf.d62835a8f1fa44cab06bbac64d7ff529.jpg,640,640,plate,0,0,631,636
294-E-2381-QAA-10-22_jpeg.rf.d684bc10ccffaae9771982b0344e16c7.jpg,640,640,plate,0,3,622,627
IMG-20180108-WA0048_jpg.rf.d78c15e2a070586572673c0bf9941aca.jpg,640,640,plate,508,334,541,361
IMG-20180108-WA0048_jpg.rf.d78c15e2a070586572673c0bf9941aca.jpg,640,640,plate,413,393,446,423
IMG-20180108-WA0048_jpg.rf.d78c15e2a070586572673c0bf9941aca.jpg,640,640,plate,321,394,358,428
IMG-20180108-WA0048_jpg.rf.d78c15e2a070586572673c0bf9941aca.jpg,640,640,plate,243,382,276,406
IMG-20180108-WA0048_jpg.rf.d78c15e2a070586572673c0bf9941aca.jpg,640,640,plate,135,368,168,409
IMG-20180108-WA0048_jpg.rf.d78c15e2a070586572673c0bf9941aca.jpg,640,640,plate,30,388,65,416
IMG-20180108-WA0048_jpg.rf.d78c15e2a070586572673c0bf9941aca.jpg,640,640,plate,122,280,146,292
IMG-20180108-WA0060_jpg.rf.d54048690aa683a77279145300001c6b.jpg,640,640,plate,202,313,269,371
IMG-20180108-WA0060_jpg.rf.d54048690aa683a77279145300001c6b.jpg,640,640,plate,407,379,492,450
9-E-2633-RO-11-16_jpg.rf.b2beb0ede86b4f2494cc66ec7c635357.jpg,640,640,plate,0,0,633,636
IMG-20180108-WA0022_jpg.rf.c995b7e04288562782e758d5a89bbb5a.jpg,640,640,plate,69,381,117,421
IMG-20180108-WA0022_jpg.rf.c995b7e04288562782e758d5a89bbb5a.jpg,640,640,plate,238,368,283,404
IMG-20180108-WA0022_jpg.rf.c995b7e04288562782e758d5a89bbb5a.jpg,640,640,plate,238,257,257,275
IMG-20180108-WA0022_jpg.rf.c995b7e04288562782e758d5a89bbb5a.jpg,640,640,plate,287,213,295,221
IMG-20180108-WA0022_jpg.rf.c995b7e04288562782e758d5a89bbb5a.jpg,640,640,plate,387,372,431,409
IMG-20180108-WA0022_jpg.rf.c995b7e04288562782e758d5a89bbb5a.jpg,640,640,plate,469,350,506,381
IMG-20180108-WA0022_jpg.rf.c995b7e04288562782e758d5a89bbb5a.jpg,640,640,plate,320,245,335,262
IMG-20180108-WA0022_jpg.rf.c995b7e04288562782e758d5a89bbb5a.jpg,640,640,plate,591,367,631,390
IMG-20180108-WA0079_jpg.rf.cf373cefa52b6522c0670fbc8889e28f.jpg,640,640,plate,494,316,540,358
IMG-20180108-WA0079_jpg.rf.cf373cefa52b6522c0670fbc8889e28f.jpg,640,640,plate,367,316,409,358
IMG-20180108-WA0079_jpg.rf.cf373cefa52b6522c0670fbc8889e28f.jpg,640,640,plate,222,299,262,324
187-E-6737-SS-01-21_jpeg.rf.d9acf866b1fc677b180e0746f39095f1.jpg,640,640,plate,0,3,639,629
146-E-3485-SZ-09-10_jpeg.rf.d92c934b6e7f90a68d26e3af09c2d6f0.jpg,640,640,plate,1,0,630,638
IMG-20180108-WA0054_jpg.rf.d80520583412bca91385a569f2ce4d96.jpg,640,640,plate,232,249,286,313
IMG-20180108-WA0054_jpg.rf.d80520583412bca91385a569f2ce4d96.jpg,640,640,plate,129,143,162,167
IMG-20180108-WA0054_jpg.rf.d80520583412bca91385a569f2ce4d96.jpg,640,640,plate,421,230,463,266
70-E-4310-OR-03-20_jpeg.rf.d687149098e00cf987001a7315ec4343.jpg,640,640,plate,10,0,639,555
IMG-20180108-WA0038_jpg.rf.d92994bb6aefc9de751f3ff1c284a801.jpg,640,640,plate,91,390,140,446
IMG-20180108-WA0038_jpg.rf.d92994bb6aefc9de751f3ff1c284a801.jpg,640,640,plate,250,385,309,466
IMG-20180108-WA0038_jpg.rf.d92994bb6aefc9de751f3ff1c284a801.jpg,640,640,plate,466,417,529,482
304-E-5381-PAB-03-21_jpeg.rf.d8d62d5a44f824f5b748d4acada35eea.jpg,640,640,plate,11,30,635,623
151-E-5090-TW-05-18_jpg.rf.dc98324d7e4fb370c0eb567eb6bfe534.jpg,640,640,plate,20,66,629,574
28-E-2393-TT-01-18_jpeg.rf.dd9087f01617be40d4082f83012b6f51.jpg,640,640,plate,2,4,630,601
251-E-3008-SM-05-20_jpeg.rf.db5e90b70a75bd6fd2a63e617b3d61ab.jpg,640,640,plate,9,0,624,631
20171214_121636_jpg.rf.d84607bacdf56458d6281cca5054bbc5.jpg,640,640,plate,2,3,640,514
99-E-2984-TW-04-18_jpg.rf.ddeefbdb7fa7628ac96da4e4f6fadec1.jpg,640,640,plate,28,41,612,578
295-E-6919-TM-06-17_jpg.rf.dcdb866b8171a9f3a2264f341db8074f.jpg,640,640,plate,31,35,622,583
15-E-3088-PAK-02-22_jpg.rf.daff2ce60aaa3f8c57f90f1e6e8ba4d8.jpg,640,640,plate,4,0,627,636
152-E-3772-SV-05-16_jpeg.rf.e2113a98ac28a092ed6b81c80b9697ec.jpg,640,640,plate,1,2,639,608
IMG-20180108-WA0046_jpg.rf.dd20309f11e680b90421705ca63a5196.jpg,640,640,plate,131,293,227,356
IMG-20180108-WA0046_jpg.rf.dd20309f11e680b90421705ca63a5196.jpg,640,640,plate,417,143,489,215
108-E-5860-ST-03-21_jpeg.rf.e340d721a6e28eff3758786d52194d9a.jpg,640,640,plate,15,61,580,564
87-E-6673-ZQ-04-18_jpg.rf.de3d64fe7f125c7d5f1efb531a0188b0.jpg,640,640,plate,3,0,638,632
IMG-20180108-WA0100_jpg.rf.e17c1a91f8549b26a3c38256c5e795a4.jpg,640,640,plate,282,408,370,452
347-E-6765-PAD-06-21_jpeg.rf.e2fe9e5dfcae849db9576a9b68e6223b.jpg,640,640,plate,6,0,624,623
324-E-5854-PAP-08-22_jpeg.rf.e36504b749545df42c94a11e6932b557.jpg,640,640,plate,2,0,631,598
204-E-6936-TF-10-21_jpg.rf.e3441e254fa2c8fb618777b527997069.jpg,640,640,plate,7,0,639,598
317-E-5064-SE-05-19_jpeg.rf.e4d2a3a61a82397bc8d82af5508945d0.jpg,640,640,plate,0,0,635,631
223-E-6186-PAP-08-22_jpeg.rf.e42067ec8ac574130f089acbc3e44140.jpg,640,640,plate,8,3,638,616
346-E-6511-QV-09-20_jpg.rf.e41d763679be014d7689cc343f826e5d.jpg,640,640,plate,0,0,630,583
348-E-4160TQ-10-17_jpeg.rf.e389fcb79536c1dc1d372a5591edb234.jpg,640,640,plate,0,0,618,635
20171211_110642_jpg.rf.d8ce0ac2117ac9e046e6f8a973f281e0.jpg,640,640,plate,0,115,640,536
157-E-6735-QV-08-20_jpeg.rf.e3b350e4b0d17fe5bc426261481b49ba.jpg,640,640,plate,21,17,634,634
178-E-5430-SL-02-20_jpg.rf.e5c93d0fd17e138d9c832275bd3d899d.jpg,640,640,plate,7,26,639,624
103-E-6387-PL-04-20_jpeg.rf.e58e272f8cc9e345e80584af067bf609.jpg,640,640,plate,3,5,635,623
IMG-20180108-WA0078_jpg.rf.e990c29c2a38c91ad801d8a4971ef103.jpg,640,640,plate,159,320,253,423
IMG-20180108-WA0078_jpg.rf.e990c29c2a38c91ad801d8a4971ef103.jpg,640,640,plate,491,170,542,217
274-E-4558-SH-08-18_jpeg.rf.e627a10527ff7ee7c22d679bc323580d.jpg,640,640,plate,1,5,638,632
120-E-6464-TI-05-18_jpg.rf.e6d812a2779f8b3c3f48a19948b1a762.jpg,640,640,plate,24,66,597,607
127-E-6932-TW-05-18_jpg.rf.e61e4a2a00a1a94cf06c415bedeb2aaf.jpg,640,640,plate,13,21,625,598
323-E-4886-TM-06-22_jpeg.rf.e5c801659b44a18131f51e61426d3d0d.jpg,640,640,plate,0,0,632,611
208-E-6855-OC-11-21_jpeg.rf.e9d995ddbead31858fd81d955efe11c4.jpg,640,640,plate,13,0,635,636
IMG-20180108-WA0071_jpg.rf.ea77978d7aebe82abcb3a60f62370557.jpg,640,640,plate,309,248,374,307
226-E-5148-OI-06-13_jpg.rf.eb1b42d8e5ef9bc571c539cca4a6f505.jpg,640,640,plate,0,22,595,534
20171211_122519_jpg.rf.ed075a5722bc7f07686df8a7cff3fd57.jpg,640,640,plate,0,74,640,572
20171211_110651_jpg.rf.eb228b0f9d91bb87294843903d3e0b64.jpg,640,640,plate,0,36,640,593
184-E-6595-TO-10-22_jpeg.rf.eaefa8e77a725a4d2d7d602dd839f714.jpg,640,640,plate,4,5,631,631
IMG-20180108-WA0050_jpg.rf.dea526684355186d5fd688cbf510a14a.jpg,640,640,plate,445,352,501,416
IMG-20180108-WA0050_jpg.rf.dea526684355186d5fd688cbf510a14a.jpg,640,640,plate,63,357,128,401
IMG-20180108-WA0050_jpg.rf.dea526684355186d5fd688cbf510a14a.jpg,640,640,plate,476,110,504,139
IMG-20180108-WA0050_jpg.rf.dea526684355186d5fd688cbf510a14a.jpg,640,640,plate,281,101,304,119
221-E-3683-RN-10-21_jpg.rf.eb486a37ace7b03712ee36c15e37e0c4.jpg,640,640,plate,18,27,610,560
332-E-4876-Q-08-18_jpg.rf.eded74b331fa5d2547af19afee12d2f3.jpg,640,640,plate,9,73,587,530
71-E-2478-QK-07-19_jpeg.rf.ed00716f05b9d65a3f4a999f73ff20dc.jpg,640,640,plate,3,7,634,626
258-E-2895-NB-10-13_jpg.rf.ecc97f9359ddbf4c418b344d6d5e5653.jpg,640,640,plate,10,66,630,574
344-E-6393-TZ-07-18_jpeg.rf.eb82d6afb56b7991959b7db003ee8210.jpg,640,640,plate,0,36,632,604
20171211_110634_jpg.rf.f0ff5570a9a31e6d0cfa19b684a51136.jpg,640,640,plate,0,92,640,596
243-E-3309-QF-02-19_jpeg.rf.cc8983eaaf5e232d90897e3ad153ddfb.jpg,640,640,plate,0,0,637,605
229-E-4951-QE-02-19_jpg.rf.e5763485d23836aec0d271e6c0885b22.jpg,640,640,plate,4,11,638,637
IMG-20180108-WA0093_jpg.rf.ee4b9d42be9edab28f3674f81a585cee.jpg,640,640,plate,245,331,377,358
92-E-3912-P-05-21_jpg.rf.efbbefdaf3c27d6cccd71c3b7b69049c.jpg,640,640,plate,0,0,638,628
153-E-6930-RS-09-12_jpeg.rf.f314eb7aaf7e07f80e417a327cd02fa0.jpg,640,640,plate,0,0,638,631
20171212_142342_jpg.rf.eea4a260684f96f175a9147d43aa0f55.jpg,640,640,plate,0,58,640,542
261-E-4991-TP-09-17_jpg.rf.ed970a365cd4556a56dfa4d2e304d860.jpg,640,640,plate,19,84,621,577
4-E-6226-YZ-12-19_jpg.rf.ef138b7cba9c04a1bdb6def2aebb5c20.jpg,640,640,plate,16,18,617,596
325-E-2634-QG-03-19_jpeg.rf.f04a4b38d8be5e35ab998495acf03129.jpg,640,640,plate,2,4,634,628
121-E-4112-RJ-04-18_jpeg.rf.f561daccde330f0b913cc3d540db5494.jpg,640,640,plate,1,4,633,604
101-E-4604-PS-09-17_jpeg.rf.f4f0f35c82e22065c1b988b1ea72a29a.jpg,640,640,plate,4,7,637,630
213-E-4732-TX-05-18_jpeg.rf.f6633cc5c2f57e44dba7557f413e09c3.jpg,640,640,plate,3,0,619,632
106-E-4670-TL-05-22_jpeg.rf.f36f45e65e658d9b1b2a4195d571cfb3.jpg,640,640,plate,4,0,628,608
267-E-2747-TS-12-17_jpg.rf.fb0114817f053fed3dfbd6563dd13b81.jpg,640,640,plate,0,19,620,582
7-E-4594-Q-08-18_jpeg.rf.fc8869163da6667b384b0f9ab7e466e8.jpg,640,640,plate,12,6,618,605
IMG-20180108-WA0097_jpg.rf.f83f1b4ad4a6597311dbd7ca61f6852c.jpg,640,640,plate,147,416,213,451
IMG-20180108-WA0097_jpg.rf.f83f1b4ad4a6597311dbd7ca61f6852c.jpg,640,640,plate,468,394,524,422
56-E-5056-QD-12-18_jpeg.rf.ed2087e38819b03cba2fa1f88c76be43.jpg,640,640,plate,3,51,617,585
182-E-3996-RS-08-17_jpeg.rf.fb84337a7c6d8c0e483c7b572ad6be18.jpg,640,640,plate,0,0,637,638
80-E-5142-TW-05-18_jpeg.rf.f5aaea7e6a578368134deda523f1aa7b.jpg,640,640,plate,4,0,634,635
20171210_212912_jpg.rf.fd7c4c9d25ccde2e04d06b04c0f07510.jpg,640,640,plate,23,75,614,596
327-E-5071-SS-01-21_jpg.rf.fd670dd22818b671f32ae300a7e1c099.jpg,640,640,plate,12,23,623,624
334-E-5195-PL-04-20_jpeg.rf.fcfbff18fe52e2efda9725e4798c716b.jpg,640,640,plate,0,6,638,629
171-E-5605-QZ-12-20_jpeg.rf.fa1ccc859402959a9b0103a150a2e7ff.jpg,640,640,plate,5,24,632,597
102-E-6984-P-07-20_jpeg.rf.e31f8313cf4b956ffe6c588c7408b154.jpg,640,640,plate,0,0,634,591
IMG-20180108-WA0069_jpg.rf.ea6a91e18dced4d611ab31960e213a73.jpg,640,640,plate,549,179,589,201
IMG-20180108-WA0069_jpg.rf.ea6a91e18dced4d611ab31960e213a73.jpg,640,640,plate,421,273,480,321
IMG-20180108-WA0069_jpg.rf.ea6a91e18dced4d611ab31960e213a73.jpg,640,640,plate,159,102,185,120
IMG-20180108-WA0069_jpg.rf.ea6a91e18dced4d611ab31960e213a73.jpg,640,640,plate,117,236,185,288
IMG-20180108-WA0069_jpg.rf.ea6a91e18dced4d611ab31960e213a73.jpg,640,640,plate,97,120,128,144
33-E-5216-TI-11-21_jpeg.rf.fd995a7a4ace5933747a1532c6177bbb.jpg,640,640,plate,16,20,626,621
254-E-4739-TA-01-14_jpeg.rf.fb05ad0c4329d23e2c6db5bf19fb5ed7.jpg,640,640,plate,0,0,633,637
18-E-3865-PAF-08-21_jpeg.rf.fd515ed4929f84da99ef92fd83380bff.jpg,640,640,plate,0,2,637,632